CREATE DATABASE  IF NOT EXISTS `urbans_sispresidios` /*!40100 DEFAULT CHARACTER SET utf8 COLLATE utf8_bin */;
USE `urbans_sispresidios`;
-- MySQL dump 10.13  Distrib 5.7.17, for Linux (x86_64)
--
-- Host: 186.202.127.246    Database: urbans_sispresidios
-- ------------------------------------------------------
-- Server version	5.6.30

/*!40101 SET @OLD_CHARACTER_SET_CLIENT=@@CHARACTER_SET_CLIENT */;
/*!40101 SET @OLD_CHARACTER_SET_RESULTS=@@CHARACTER_SET_RESULTS */;
/*!40101 SET @OLD_COLLATION_CONNECTION=@@COLLATION_CONNECTION */;
/*!40101 SET NAMES utf8 */;
/*!40103 SET @OLD_TIME_ZONE=@@TIME_ZONE */;
/*!40103 SET TIME_ZONE='+00:00' */;
/*!40014 SET @OLD_UNIQUE_CHECKS=@@UNIQUE_CHECKS, UNIQUE_CHECKS=0 */;
/*!40014 SET @OLD_FOREIGN_KEY_CHECKS=@@FOREIGN_KEY_CHECKS, FOREIGN_KEY_CHECKS=0 */;
/*!40101 SET @OLD_SQL_MODE=@@SQL_MODE, SQL_MODE='NO_AUTO_VALUE_ON_ZERO' */;
/*!40111 SET @OLD_SQL_NOTES=@@SQL_NOTES, SQL_NOTES=0 */;

--
-- Table structure for table `evolucao_presidiarios`
--

DROP TABLE IF EXISTS `evolucao_presidiarios`;
/*!40101 SET @saved_cs_client     = @@character_set_client */;
/*!40101 SET character_set_client = utf8 */;
CREATE TABLE `evolucao_presidiarios` (
  `id` int(10) unsigned NOT NULL AUTO_INCREMENT,
  `texto` text COLLATE utf8mb4_unicode_ci NOT NULL,
  `conceito` int(11) NOT NULL,
  `presidiario_id` int(10) unsigned NOT NULL,
  `created_at` timestamp NULL DEFAULT NULL,
  `updated_at` timestamp NULL DEFAULT NULL,
  PRIMARY KEY (`id`),
  KEY `evolucao_presidiarios_presidiario_id_foreign` (`presidiario_id`),
  CONSTRAINT `evolucao_presidiarios_presidiario_id_foreign` FOREIGN KEY (`presidiario_id`) REFERENCES `presidiarios` (`id`)
) ENGINE=InnoDB AUTO_INCREMENT=304 DEFAULT CHARSET=utf8mb4 COLLATE=utf8mb4_unicode_ci;
/*!40101 SET character_set_client = @saved_cs_client */;

--
-- Dumping data for table `evolucao_presidiarios`
--

LOCK TABLES `evolucao_presidiarios` WRITE;
/*!40000 ALTER TABLE `evolucao_presidiarios` DISABLE KEYS */;
INSERT INTO `evolucao_presidiarios` VALUES (1,'Praesentium et dolorem hic culpa dolores optio provident incidunt aut omnis pariatur.',4,130,'1986-02-11 13:52:03',NULL),(2,'Ea consequatur quibusdam rerum ullam provident quos.',2,60,'2007-10-16 05:35:32',NULL),(3,'Quae aut omnis et omnis natus dolor qui aliquam tempore tenetur.',3,74,'2003-04-13 03:28:16',NULL),(4,'Et magni distinctio consequuntur inventore est nobis eos.',1,74,'2014-11-21 20:13:26',NULL),(5,'Quia voluptatum aliquid et incidunt doloribus quia unde voluptate.',4,99,'1998-02-03 06:50:12',NULL),(6,'Ipsa est temporibus doloribus cupiditate et laboriosam architecto velit quia in eum nemo doloribus.',1,69,'1973-04-15 14:24:18',NULL),(7,'Laboriosam pariatur veniam quia ut non sapiente.',3,3,'1980-03-06 10:09:06',NULL),(8,'Neque labore in quibusdam dolores cum qui expedita cum dolores.',1,79,'2005-12-31 20:59:41',NULL),(9,'Omnis nesciunt in error tenetur natus tenetur aut.',4,20,'1976-06-02 02:49:10',NULL),(10,'Est eos ut ut laborum quia quam.',4,131,'1975-11-06 08:00:03',NULL),(11,'Modi excepturi consequatur unde eum et sit aut.',4,93,'1970-02-03 16:29:24',NULL),(12,'Et aut nihil eaque sapiente iure earum quaerat.',3,113,'2000-06-09 05:01:14',NULL),(13,'Ipsam voluptatem qui tenetur ut eum fugit in blanditiis labore eaque molestiae laudantium tenetur.',2,103,'1997-03-08 09:05:47',NULL),(14,'Ratione autem animi et est quia nihil quia excepturi officiis nostrum beatae laborum.',4,51,'1973-11-21 20:26:44',NULL),(15,'Temporibus recusandae possimus harum et facere impedit dolorum veniam excepturi.',2,38,'2007-09-11 18:21:23',NULL),(16,'Eveniet rem quia esse illum illo sunt sunt aut.',4,103,'1979-10-24 11:12:42',NULL),(17,'Omnis officiis enim libero dolore cumque ut nobis.',2,9,'1996-06-06 06:13:19',NULL),(18,'Et a exercitationem molestiae voluptate ut consequatur consequuntur.',4,40,'2015-03-06 16:04:41',NULL),(19,'Totam quia sunt voluptas assumenda non odit ea pariatur doloribus eum.',2,44,'2007-02-12 17:16:37',NULL),(20,'Qui qui illum adipisci a quod quam quasi illum quis.',4,23,'1994-12-15 01:23:37',NULL),(21,'Unde soluta in doloremque aut ut explicabo.',2,81,'1978-06-15 06:46:13',NULL),(22,'Aperiam blanditiis fugiat error omnis unde in distinctio incidunt nesciunt distinctio corporis reiciendis dolorem.',4,54,'1971-11-03 07:11:52',NULL),(23,'Mollitia in illum unde voluptate nam quas incidunt nesciunt ullam eveniet beatae rerum.',2,32,'1998-11-16 15:18:49',NULL),(24,'Perferendis quisquam omnis minima non molestiae id deserunt voluptas mollitia quisquam maiores.',4,8,'1971-12-07 11:11:14',NULL),(25,'Nulla autem qui repellendus modi pariatur id exercitationem tempora.',3,64,'1985-10-02 13:00:56',NULL),(26,'Eos consectetur sequi hic tenetur qui adipisci quasi molestiae rerum minus ipsum consequatur laborum.',3,43,'1990-11-14 01:02:35',NULL),(27,'Eos architecto laudantium sunt tempora distinctio molestiae vitae aperiam.',1,7,'1992-07-26 01:57:15',NULL),(28,'Fugiat amet placeat sit sed commodi iure ea.',3,73,'1980-11-12 03:01:44',NULL),(29,'Dignissimos dolor et cupiditate qui tempore voluptas vitae quam praesentium.',3,95,'2001-02-13 22:00:04',NULL),(30,'Odio sint quia numquam laborum suscipit et ut quibusdam.',1,102,'2003-06-12 23:14:10',NULL),(31,'Maxime et sed nostrum ab consequatur veniam aut amet in.',3,130,'1975-02-14 22:57:01',NULL),(32,'Modi laboriosam et temporibus non ut quis tempora distinctio officia recusandae commodi.',2,114,'1986-06-09 13:45:45',NULL),(33,'Et quaerat aperiam dolore deserunt ad porro esse.',4,51,'1972-06-15 16:56:07',NULL),(34,'Quasi quaerat aut inventore deleniti rem perspiciatis et molestias sed nisi nobis.',4,23,'2001-04-28 13:19:43',NULL),(35,'Sapiente corporis non consequuntur sit earum perspiciatis fuga vel labore cumque est ducimus quis.',1,52,'2006-02-15 06:38:45',NULL),(36,'Id doloremque delectus ut dignissimos ducimus commodi libero laboriosam.',3,72,'1976-03-19 04:37:45',NULL),(37,'Quia debitis veniam nihil veniam nostrum nam est fugiat animi nemo numquam ad.',4,101,'1995-02-23 20:49:25',NULL),(38,'Et est quis necessitatibus itaque eos iusto sunt.',4,68,'2009-04-04 22:02:27',NULL),(39,'Magnam ex et cupiditate excepturi consequuntur omnis eligendi nihil error.',2,40,'1973-07-02 20:23:20',NULL),(40,'Quas perferendis est maxime possimus delectus nostrum et laborum labore voluptatum minus.',4,15,'2003-01-23 18:34:53',NULL),(41,'Et neque esse cupiditate quas ea expedita molestiae eos soluta architecto quia.',2,111,'1976-06-11 03:13:26',NULL),(42,'Voluptatem dolores ipsa aut dolores aliquid deserunt voluptas est.',3,64,'2001-09-23 01:56:18',NULL),(43,'Velit est quo aspernatur sunt ipsum numquam.',3,4,'2002-09-21 17:11:50',NULL),(44,'Voluptas voluptas temporibus suscipit ab quae ut veritatis officia dolor nihil eius nisi.',2,75,'1985-10-15 05:50:50',NULL),(45,'Voluptas voluptatibus et quis magni aut perferendis quaerat.',4,131,'1979-11-29 14:54:02',NULL),(46,'Cum veritatis vel commodi maiores aut autem iusto et quod excepturi tenetur reprehenderit.',1,11,'1980-12-01 03:36:37',NULL),(47,'Veniam non atque rem est autem qui atque magni.',3,96,'1998-08-16 16:06:03',NULL),(48,'Neque sit et incidunt ad accusantium rerum voluptatem dicta in et.',3,48,'1999-12-27 01:12:29',NULL),(49,'Illum sit expedita velit numquam qui magnam doloribus quia eligendi fugit officiis.',3,32,'1992-07-04 05:21:48',NULL),(50,'Omnis facilis quia tempora nesciunt dolor nihil nisi earum quas.',2,55,'1970-08-01 09:06:44',NULL),(51,'Modi recusandae commodi repellat debitis dolores porro sit et amet assumenda itaque.',2,12,'1995-05-14 07:02:59',NULL),(52,'Esse velit ex expedita et nulla unde qui sunt non corporis.',1,80,'2008-07-09 17:31:36',NULL),(53,'Odit et et dignissimos rerum sequi quae amet et et enim vel assumenda.',2,78,'2010-08-23 15:50:12',NULL),(54,'Recusandae aperiam nostrum iure impedit rerum nihil sit voluptatum vel modi nihil.',1,96,'1984-06-09 13:25:21',NULL),(55,'Vel corrupti recusandae necessitatibus rem amet repudiandae occaecati quod.',1,63,'1986-08-01 15:12:46',NULL),(56,'Aut repudiandae in laborum sit iure tempore quas ipsa velit aut.',3,97,'1977-02-05 04:35:43',NULL),(57,'Recusandae recusandae aliquam asperiores magni neque recusandae impedit.',2,19,'1983-12-23 16:13:01',NULL),(58,'Temporibus eos odio omnis architecto aperiam sint harum minus sequi.',4,100,'1998-03-01 14:31:56',NULL),(59,'Vero doloremque eum sed ut qui eos neque et dolorem eveniet repellat consequatur minus.',4,2,'1987-11-09 06:15:06',NULL),(60,'Veniam ut sequi quia consequatur deleniti distinctio nisi reiciendis modi temporibus ipsa nam incidunt.',2,37,'1979-03-18 11:43:58',NULL),(61,'Nihil maxime quis quia perspiciatis est et fugiat non.',3,77,'2006-10-08 08:09:08',NULL),(62,'Qui explicabo dolores totam corporis architecto accusamus voluptas qui non quasi voluptatem doloribus illo.',4,53,'1995-05-14 02:59:15',NULL),(63,'Qui rerum ducimus nesciunt laborum est repudiandae voluptatem.',1,54,'2014-09-24 08:41:46',NULL),(64,'Voluptas dolores ea tempore rerum deleniti dolorem animi eaque repudiandae voluptatem voluptatem error.',2,66,'2000-10-03 19:37:38',NULL),(65,'Saepe et aut quod labore est fuga sint voluptatem autem.',3,25,'1970-05-12 23:13:06',NULL),(66,'Nesciunt perspiciatis quas soluta tenetur aut nostrum aut.',1,86,'2002-08-05 22:25:45',NULL),(67,'Rerum tempora fuga iure tempora dolorem in.',1,5,'1986-05-03 04:28:46',NULL),(68,'Debitis facilis aperiam ratione nulla sunt ut non excepturi et quisquam.',3,90,'1986-06-28 23:25:16',NULL),(69,'Eligendi et fugit qui culpa id nesciunt aut excepturi.',4,25,'2008-10-14 05:03:47',NULL),(70,'Fugit dolores fuga soluta dolores saepe modi possimus.',2,88,'1996-05-25 07:40:15',NULL),(71,'Ut exercitationem qui accusamus quia repellendus deserunt eos harum.',3,108,'1977-02-02 06:49:39',NULL),(72,'A nihil maxime accusamus voluptas et accusantium reiciendis quaerat iure id rerum veritatis.',3,68,'2003-11-07 00:12:47',NULL),(73,'Eum modi minima non repudiandae in saepe.',1,10,'2005-04-17 12:02:02',NULL),(74,'Aut sint optio ab nisi possimus dignissimos recusandae ut illo non.',2,11,'2014-08-01 02:08:58',NULL),(75,'Aut quisquam tenetur commodi ullam dicta est quam quam sed.',2,40,'2005-06-14 00:36:41',NULL),(76,'Odit qui ex sit cum et dolorum cumque.',2,118,'1974-11-30 22:52:58',NULL),(77,'Dolorem necessitatibus in libero eos error consequuntur excepturi unde.',2,4,'1976-04-30 07:24:06',NULL),(78,'Qui sint et saepe explicabo incidunt aspernatur libero magnam itaque rem repellat veniam.',3,59,'1994-03-30 20:47:54',NULL),(79,'Sit architecto unde est rerum tempora blanditiis voluptate deleniti qui ex eos sit expedita.',4,41,'2013-11-18 07:38:17',NULL),(80,'Non nam excepturi aut ratione voluptas molestiae voluptas id dolorem reprehenderit sint ea numquam.',2,49,'1998-03-30 08:31:45',NULL),(81,'Error error asperiores aut aut aut omnis dolores quia veniam labore id rerum.',4,126,'1974-03-22 16:23:02',NULL),(82,'Alias ut odio ea aperiam et non odit vel culpa fuga expedita.',3,85,'1976-09-03 15:51:10',NULL),(83,'Cupiditate ut possimus consequatur dicta velit quia laborum atque sed similique.',1,62,'1979-07-13 12:38:03',NULL),(84,'Nihil aperiam nihil deleniti necessitatibus qui sit culpa eum asperiores est provident quis.',2,55,'2011-03-16 23:11:33',NULL),(85,'Et doloremque sint inventore eum aspernatur odit ipsam ipsam quod.',3,50,'1994-06-16 04:29:53',NULL),(86,'Eos ut quisquam ut illum qui eum labore quod repellat odio ullam.',3,129,'1974-10-09 15:25:31',NULL),(87,'Quia quas natus atque voluptatum esse incidunt quo est eos non blanditiis dolor.',1,26,'1974-10-01 13:25:49',NULL),(88,'Quibusdam aliquid error modi illum voluptate et ipsum recusandae et.',3,32,'1974-07-16 03:16:23',NULL),(89,'Nulla ducimus magnam corporis earum veritatis voluptatibus ut.',1,123,'1972-10-02 01:39:54',NULL),(90,'Voluptas rem atque eligendi sequi veniam et eius eligendi voluptate ipsum sit.',2,1,'1986-03-22 10:33:05',NULL),(91,'Consequatur maiores occaecati cumque reprehenderit nisi deleniti est optio sit ipsum eos quia.',4,26,'1993-01-23 17:22:41',NULL),(92,'Et a facilis harum perspiciatis consectetur voluptatem natus dolorum.',4,8,'1982-05-13 18:18:21',NULL),(93,'Omnis aut ipsam tempore vel corrupti ipsam quia excepturi laudantium.',2,46,'1990-08-17 04:48:40',NULL),(94,'Omnis corporis omnis ratione dolores autem rem.',1,104,'1978-07-30 07:45:56',NULL),(95,'Maxime atque culpa officia sit ut tempora ad ut aut sit ut non.',2,92,'1997-07-14 01:07:27',NULL),(96,'Magnam et natus perferendis maxime eos dolores voluptatem eius id est eos at soluta.',4,122,'1975-09-03 02:40:24',NULL),(97,'Rerum quae autem necessitatibus voluptas ut ipsum labore praesentium ea.',2,106,'2013-02-03 12:32:08',NULL),(98,'Qui debitis doloribus optio ipsam velit sunt praesentium vel labore maxime quae quos reiciendis.',2,57,'1996-07-05 09:09:48',NULL),(99,'Optio quo magnam reprehenderit quaerat consequatur illo sit.',1,41,'1973-03-21 10:15:32',NULL),(100,'Est temporibus minima nostrum atque optio eveniet.',3,128,'1992-02-10 15:00:52',NULL),(101,'Quibusdam esse laborum molestiae est consequatur omnis qui.',3,96,'2006-12-24 15:26:10',NULL),(102,'Ut ut alias tenetur commodi quasi asperiores iusto.',1,103,'1992-02-09 23:22:12',NULL),(103,'Labore ipsum sed non explicabo velit adipisci veniam.',2,41,'1998-03-30 03:47:19',NULL),(104,'Tenetur accusantium enim minus vero nobis vel nisi autem qui.',2,118,'1986-10-10 09:32:04',NULL),(105,'Quod consequatur et ut et aut et doloribus.',1,10,'1975-02-11 22:33:12',NULL),(106,'Et ducimus et quam voluptatem quod fuga quod vitae autem deserunt similique.',1,90,'1997-02-06 20:40:28',NULL),(107,'Id debitis commodi voluptate voluptatem consequatur consequuntur consequatur corporis minus.',2,68,'2008-10-04 07:41:41',NULL),(108,'Eos commodi et ea vitae consequatur blanditiis ut veritatis et quia quis nihil eos.',3,10,'2006-03-10 15:25:35',NULL),(109,'Minus enim laborum exercitationem consectetur eaque maiores error saepe vero iure laborum.',4,16,'1986-03-20 10:04:21',NULL),(110,'Ex aliquid alias maiores eligendi ut quisquam aliquid sit provident aut sit saepe.',3,41,'2004-02-27 14:20:41',NULL),(111,'Est fuga qui vero harum cupiditate qui quidem nesciunt dolorem.',1,95,'1989-12-28 04:37:13',NULL),(112,'A qui culpa aliquam exercitationem molestias repellendus est eum.',4,125,'1977-05-02 06:01:25',NULL),(113,'Recusandae vitae tenetur tempora sed molestiae voluptate sit totam omnis voluptatum expedita.',2,53,'1996-03-14 18:55:18',NULL),(114,'Natus impedit perspiciatis et veritatis est quia quidem illo ad adipisci ut.',2,80,'2015-12-29 03:21:33',NULL),(115,'Autem ipsa in nisi libero consequatur consequatur quas accusantium beatae.',2,10,'1970-12-17 23:50:20',NULL),(116,'Et molestiae perferendis ratione est ut repudiandae rerum.',4,12,'1984-07-08 23:02:04',NULL),(117,'Ut eaque quas aut doloribus perspiciatis quaerat.',2,111,'2009-08-23 03:40:10',NULL),(118,'Ut deleniti veritatis ipsa nostrum est possimus harum amet repellat consequuntur.',2,46,'1985-10-04 02:47:30',NULL),(119,'In quod laboriosam quam dolores animi dolorum ea excepturi voluptates occaecati rerum.',2,121,'1976-02-18 01:57:10',NULL),(120,'Modi est aut tempora molestiae corrupti labore cum quis.',1,19,'2007-05-07 17:57:06',NULL),(121,'Sit corporis sed dolore beatae magnam porro sunt animi rem asperiores dolores.',1,105,'2004-12-07 23:25:33',NULL),(122,'Adipisci temporibus sint sequi dolor rerum quas et sint perspiciatis.',3,51,'1974-02-01 12:53:02',NULL),(123,'Temporibus et fugiat accusantium nihil et totam facere consequatur dolore facere at.',1,74,'1996-05-22 05:19:14',NULL),(124,'Vel natus ea architecto et dolores aliquam labore possimus sunt accusantium sit quis.',4,21,'2004-03-21 15:31:13',NULL),(125,'Necessitatibus aut fuga repellendus aliquam praesentium in saepe ratione vitae ab quia.',3,50,'1985-02-04 18:15:38',NULL),(126,'Perferendis eligendi deleniti rem cumque aliquam inventore voluptatum rerum reiciendis recusandae.',3,42,'1985-12-24 02:41:58',NULL),(127,'Repudiandae quis excepturi et necessitatibus non placeat inventore reiciendis sint dolorem reprehenderit.',1,108,'2012-05-27 12:18:34',NULL),(128,'Quo voluptas non tempore ut eaque illo modi voluptatem natus debitis voluptatem eveniet.',1,34,'2005-10-15 10:31:25',NULL),(129,'Quis asperiores aut ullam ex distinctio quo nihil amet qui rerum ipsa error illo.',3,57,'1972-01-31 04:02:50',NULL),(130,'Dolorum veritatis quo quisquam error sed ut eum odit rerum.',4,109,'2012-10-30 15:32:30',NULL),(131,'Repudiandae quibusdam omnis ad laboriosam eligendi aliquid.',1,13,'1972-04-07 16:46:57',NULL),(132,'Nesciunt libero dolores molestiae sit vero ut illum eveniet et nisi voluptatum vitae rem.',1,26,'2013-11-23 12:47:03',NULL),(133,'Dolores ad necessitatibus quis facilis nam dignissimos assumenda ab asperiores officia.',4,122,'1986-03-14 22:54:00',NULL),(134,'Ex quibusdam libero voluptatum voluptatum ut deserunt iure accusantium molestiae nihil ea.',3,101,'1996-10-21 17:39:17',NULL),(135,'Dignissimos quisquam fugit totam quo modi iusto ipsa non iure dicta aperiam.',3,103,'2003-10-28 13:20:13',NULL),(136,'Neque exercitationem rerum accusantium sit ad vel enim.',4,122,'1974-12-05 03:07:08',NULL),(137,'Ut aut dolor a optio maiores voluptates vel quia.',4,22,'1988-03-14 19:06:57',NULL),(138,'Cumque ipsa id reiciendis nobis ut ut nam ut voluptatem minima.',2,99,'1972-07-25 17:35:12',NULL),(139,'Sed et ratione qui voluptates blanditiis qui enim et voluptas sunt placeat quod.',2,105,'1988-10-09 04:06:43',NULL),(140,'Ut at aut laborum ut recusandae fuga et voluptas libero veniam optio ut.',1,29,'1984-02-12 20:40:56',NULL),(141,'Incidunt at eaque hic occaecati ea similique possimus.',4,6,'2009-05-29 16:46:37',NULL),(142,'Sunt dolorem dicta dolorem sed quia voluptas laborum et perferendis.',2,107,'1997-08-09 12:45:37',NULL),(143,'Distinctio aliquam perferendis laudantium eum tempora magnam excepturi id perspiciatis dolorem explicabo.',3,58,'2007-07-24 01:27:08',NULL),(144,'Consequatur aut dolore voluptatem accusantium sint architecto nostrum neque eligendi praesentium.',4,38,'1979-02-09 21:38:48',NULL),(145,'Aspernatur reprehenderit autem sint maiores explicabo deleniti sint quia maxime debitis et ea eius.',1,57,'1997-08-04 15:29:05',NULL),(146,'Suscipit possimus molestiae et atque sed optio.',3,59,'1982-05-07 15:20:22',NULL),(147,'Soluta aperiam sit dolorem consequatur porro quasi earum suscipit animi.',1,5,'1983-04-28 21:45:11',NULL),(148,'Vero est impedit aut dicta aliquid beatae in consequatur.',2,89,'1971-02-25 22:41:52',NULL),(149,'Explicabo assumenda ut ea voluptates alias necessitatibus.',3,78,'2011-09-22 04:52:10',NULL),(150,'Repudiandae aut consequuntur ipsum qui quisquam molestiae voluptatibus iusto officiis sit.',3,85,'1991-10-26 14:10:27',NULL),(151,'Perferendis velit aliquam eaque omnis maiores laborum.',2,97,'1976-05-13 23:40:01',NULL),(152,'Rem qui accusamus libero exercitationem commodi qui.',4,6,'1993-06-09 02:10:10',NULL),(153,'Porro quia et dolores inventore dolorum qui illo corporis repudiandae.',3,13,'1994-08-13 15:02:32',NULL),(154,'Voluptas aut voluptatibus officiis facere alias iusto.',3,13,'2003-08-01 16:02:05',NULL),(155,'Sit labore architecto atque autem odio cumque eligendi deserunt nemo maiores minus.',1,26,'2004-11-07 03:22:36',NULL),(156,'Est autem nulla et quaerat aliquid minima perferendis et inventore dicta.',3,55,'2016-02-21 20:57:14',NULL),(157,'Vel sit asperiores omnis similique veritatis quo incidunt aliquid.',4,112,'1983-04-26 04:47:26',NULL),(158,'Ut est error facere cumque eum et enim.',4,77,'2016-09-16 08:40:27',NULL),(159,'Odio omnis quaerat odit sapiente ut et.',1,92,'1994-07-13 11:33:54',NULL),(160,'Id consectetur numquam sit incidunt tempora et nisi et voluptatum non qui ipsum.',3,16,'2000-06-27 17:29:45',NULL),(161,'Provident mollitia voluptatibus labore quae tempora sint vel dolor.',2,81,'1985-12-27 22:27:08',NULL),(162,'Iure similique qui dolorem iste at doloremque.',1,56,'1990-12-11 14:07:27',NULL),(163,'Cumque deserunt in cum ut perspiciatis et natus veritatis et ut sint quia cum.',2,50,'1983-11-25 05:34:49',NULL),(164,'Libero aperiam quos id saepe assumenda sequi placeat.',2,118,'1980-05-15 01:51:46',NULL),(165,'Adipisci et natus sequi autem deleniti voluptatem at repellendus.',2,30,'1971-05-11 22:36:55',NULL),(166,'Quis nisi ratione ipsa vero quis sapiente quia consequatur iure qui non.',1,76,'1994-01-18 09:45:34',NULL),(167,'Dignissimos est error omnis fuga et asperiores accusantium esse earum accusantium.',3,63,'1982-07-23 13:49:36',NULL),(168,'Aspernatur iusto necessitatibus suscipit similique nisi a voluptas nostrum earum excepturi labore rerum aut.',3,60,'1978-08-18 06:45:45',NULL),(169,'Et dignissimos omnis aliquam qui quo delectus cumque molestias accusantium repellat nostrum natus assumenda a.',1,72,'1987-07-02 10:20:09',NULL),(170,'Ex quia tempore rerum sunt minus minima libero debitis laudantium provident perferendis.',3,92,'2008-07-02 02:19:44',NULL),(171,'Nisi reprehenderit vero nesciunt et magni ut.',4,63,'2013-08-17 07:34:53',NULL),(172,'Tempora et impedit animi optio velit tenetur vero consequatur.',1,14,'1994-02-16 12:18:15',NULL),(173,'Architecto minus quisquam occaecati sed atque reiciendis eos.',3,39,'1989-01-10 15:56:04',NULL),(174,'Doloremque suscipit delectus quia ratione impedit quo.',4,86,'1972-10-16 07:29:14',NULL),(175,'Commodi soluta facere incidunt qui beatae est debitis deserunt totam asperiores occaecati consequatur consequatur.',1,112,'1982-05-16 11:47:07',NULL),(176,'Quos odit aut quia beatae illum ut voluptatem numquam velit odio aliquid.',2,66,'1998-08-09 18:12:38',NULL),(177,'Doloremque et sit et ut neque deserunt qui repudiandae.',1,96,'2004-06-23 04:33:30',NULL),(178,'In odio totam in qui voluptatem ex ut aut id repellendus laboriosam.',4,43,'1998-04-14 23:13:59',NULL),(179,'Qui perferendis et illum beatae similique dolorem beatae.',2,1,'2011-09-23 13:13:58',NULL),(180,'Veritatis perspiciatis odio et ut magni veritatis temporibus iste iste.',4,106,'1999-01-27 17:21:42',NULL),(181,'Repudiandae qui aliquam ratione debitis repellendus est et nulla et.',4,19,'1979-07-25 15:48:08',NULL),(182,'Ut aut facere a in quia voluptas deleniti quisquam et id consequatur quis.',1,39,'1983-01-30 00:43:47',NULL),(183,'Et id voluptatem mollitia modi sunt placeat impedit odio.',3,129,'1998-02-06 01:06:31',NULL),(184,'Cupiditate delectus facere fugit et ullam animi unde ullam reprehenderit occaecati.',2,24,'1972-11-25 15:44:20',NULL),(185,'Officiis iure mollitia ut incidunt dolorum occaecati eligendi repellat quis aut.',2,48,'2010-02-15 23:15:20',NULL),(186,'Error id quod nesciunt omnis hic officia voluptatem soluta nulla doloribus fugiat.',4,109,'1975-11-04 08:51:13',NULL),(187,'Commodi ut ut ut incidunt eveniet et unde reprehenderit minus.',3,19,'2005-10-05 13:57:41',NULL),(188,'Aspernatur molestiae dolorem dolor aut quis saepe esse accusamus voluptatem molestiae.',1,108,'1992-03-15 15:12:14',NULL),(189,'Aliquam sequi culpa in quia natus et itaque numquam dicta tenetur ea quos quia quos.',4,38,'1988-11-06 22:10:24',NULL),(190,'Rerum deserunt ea aut alias esse dolorum libero sed neque quas sapiente.',4,109,'1970-11-26 11:17:59',NULL),(191,'Quo itaque rerum blanditiis perferendis officiis nihil.',3,34,'1991-10-29 02:33:39',NULL),(192,'Doloribus qui qui officia quia maiores laudantium.',3,12,'1997-07-13 20:09:29',NULL),(193,'Dolores dolore praesentium rerum delectus in ut voluptatem doloremque tempore architecto earum odio.',4,128,'1979-10-16 17:40:08',NULL),(194,'Eius delectus velit suscipit ab ab quam velit et deleniti.',2,35,'2004-07-25 04:01:22',NULL),(195,'Quos similique neque molestias aspernatur excepturi rerum molestiae.',2,82,'2005-06-09 09:25:51',NULL),(196,'Tempora fuga placeat harum rerum velit ut ipsum voluptatem et aut sit consequatur.',1,97,'2001-05-19 01:11:22',NULL),(197,'Deleniti aut porro sapiente dolorem non molestiae.',2,46,'1985-05-26 23:23:58',NULL),(198,'Quae impedit perspiciatis eaque eligendi voluptas consequatur maiores quidem quas illo quam.',2,91,'1981-05-08 19:23:38',NULL),(199,'Doloremque architecto suscipit rerum aspernatur voluptas et deserunt eum eveniet.',3,22,'2013-05-15 00:25:00',NULL),(200,'Magni culpa eum omnis aut hic labore autem.',2,55,'1990-05-23 04:44:16',NULL),(201,'Tempore minima aut molestiae sit incidunt quaerat autem similique et enim quis sed doloribus.',1,116,'1983-01-31 07:00:06',NULL),(202,'Non nulla dolorem sunt enim velit et vel deserunt alias aspernatur.',4,15,'2001-04-22 00:42:16',NULL),(203,'Pariatur qui doloremque eos fugiat qui dicta vero sed molestiae natus soluta iste.',3,35,'1988-04-24 12:03:17',NULL),(204,'Perferendis cum possimus ut ratione architecto quisquam consequatur.',1,23,'2003-08-24 19:19:53',NULL),(205,'Est molestias sed veritatis nam perspiciatis nobis deserunt officiis molestiae quia.',1,66,'2012-02-14 08:52:10',NULL),(206,'Non nesciunt aut est aut qui suscipit dolorem temporibus recusandae et adipisci sed.',4,49,'1985-03-31 06:13:15',NULL),(207,'Sapiente exercitationem mollitia corporis expedita aut magnam voluptas non magni.',1,5,'2001-12-22 19:14:35',NULL),(208,'Sed aut et reprehenderit voluptatem commodi dolorum quam alias eos magni asperiores.',2,35,'1975-08-31 22:21:28',NULL),(209,'Inventore magnam voluptatem qui quos nisi harum adipisci omnis in officiis.',4,77,'1991-09-11 11:31:01',NULL),(210,'Accusantium qui vitae provident quos aut eos quo veritatis placeat cumque.',1,85,'2006-03-29 14:09:27',NULL),(211,'Vitae deserunt ullam et eligendi cupiditate dolor nihil voluptatem.',2,102,'1979-05-11 01:48:52',NULL),(212,'Et sint voluptas magnam et tenetur animi veniam.',2,70,'1979-11-26 14:26:14',NULL),(213,'Aliquid placeat consequatur non laboriosam quos et.',4,40,'2002-05-12 02:47:58',NULL),(214,'Amet exercitationem et voluptatem ab labore qui et rem corporis non.',1,111,'2003-03-01 15:00:37',NULL),(215,'Odio aut laudantium possimus optio qui nisi est.',2,125,'1974-04-21 07:22:17',NULL),(216,'Dolore illo esse sunt qui modi et quia nam laudantium iste assumenda accusantium itaque.',1,54,'1990-09-05 09:38:51',NULL),(217,'Sapiente quaerat laborum quae officiis quos vitae laboriosam officiis repudiandae.',2,130,'1977-11-13 22:26:44',NULL),(218,'Ullam rerum atque libero asperiores enim incidunt minus veniam.',4,53,'1990-03-14 08:18:56',NULL),(219,'Tenetur accusantium quasi id et temporibus ut ut hic exercitationem maiores tempora.',4,18,'2004-02-22 03:52:54',NULL),(220,'Temporibus totam repellendus est ut cumque qui quia non id eveniet repellendus debitis minus.',3,102,'1991-11-13 11:18:11',NULL),(221,'Accusantium iste minima qui dolorum rerum aut et.',2,55,'2014-07-24 05:02:25',NULL),(222,'Neque fuga soluta voluptatum voluptatem reprehenderit omnis occaecati ut maxime cum accusantium.',3,11,'1980-11-14 08:29:56',NULL),(223,'Quia voluptatem ea vel vitae laudantium at dolorem nobis.',4,54,'1987-02-23 22:03:35',NULL),(224,'Totam dolores sit alias molestias nemo et dolorem ab nemo consequuntur officia.',1,10,'1994-07-29 16:06:08',NULL),(225,'Voluptatem sint dolores harum cumque quae laudantium voluptatem et sint atque dolor voluptatem.',3,94,'1983-02-08 13:07:23',NULL),(226,'Et corporis perspiciatis labore repellendus sed est in dolores quaerat.',3,38,'1974-05-06 03:38:04',NULL),(227,'Quia enim qui recusandae repellat reiciendis temporibus voluptates delectus voluptatem a est aut.',3,16,'2009-02-24 00:17:06',NULL),(228,'Ut nisi itaque expedita fugiat temporibus odit reiciendis.',1,43,'1990-12-13 16:04:14',NULL),(229,'Dicta autem aut impedit illum voluptatem deleniti voluptatum dolore culpa.',4,14,'1977-12-09 17:49:00',NULL),(230,'Nisi doloribus dicta maiores autem commodi illum sed voluptatibus magni sed ex exercitationem aut sit.',1,120,'1980-04-04 13:15:53',NULL),(231,'Placeat nostrum quasi qui voluptatem voluptatibus sed.',4,120,'2000-05-27 14:52:06',NULL),(232,'Et iste a distinctio atque nihil eos sed facilis fugit sapiente aut.',3,43,'1994-10-08 04:05:49',NULL),(233,'Et accusantium corporis commodi voluptatem corrupti sint excepturi nihil vitae cupiditate dolores deserunt nemo.',1,97,'1970-11-23 00:26:50',NULL),(234,'Et qui omnis cupiditate omnis voluptatem exercitationem quod dicta id esse doloremque et.',1,69,'1993-12-21 23:58:03',NULL),(235,'Sed quasi quas exercitationem modi velit eum facilis dolore ipsam.',1,36,'1977-12-23 04:22:51',NULL),(236,'Architecto expedita veritatis ex eum officiis rerum qui sed.',3,12,'1983-11-03 01:09:53',NULL),(237,'Necessitatibus voluptatem sit sed deleniti non ut ut omnis magnam ratione dolores non aliquam sequi.',2,14,'1984-06-14 21:14:02',NULL),(238,'Reiciendis eum officiis nihil dignissimos et dolore.',4,5,'1985-03-24 15:58:05',NULL),(239,'Sit in eos repellat labore temporibus odit consequuntur aut perspiciatis unde.',2,103,'1985-08-02 20:55:48',NULL),(240,'Asperiores vero quia recusandae molestiae est quis odio optio.',4,98,'2016-04-15 02:33:02',NULL),(241,'Et dignissimos quisquam sunt aut totam rerum dolorum.',1,113,'1978-03-25 04:23:28',NULL),(242,'Magnam vitae qui ipsam beatae qui nihil aut.',2,61,'2009-12-11 09:58:33',NULL),(243,'Sint tempore laboriosam et veniam culpa quam aliquam quia modi autem.',2,20,'2012-07-25 01:49:08',NULL),(244,'Assumenda velit et dolorum voluptatem quia sunt esse modi tempora fugiat voluptates debitis.',4,56,'1983-04-15 00:48:38',NULL),(245,'Repellendus et ut ut consequatur cumque sapiente possimus optio ut labore.',1,21,'1986-08-26 12:51:56',NULL),(246,'Esse quia mollitia est molestiae repellat aut molestiae odio.',4,79,'1979-06-03 22:42:33',NULL),(247,'Culpa sequi et ut occaecati error asperiores maxime.',3,11,'2008-05-10 02:21:39',NULL),(248,'Ducimus pariatur unde animi minus eum qui.',2,63,'1997-11-08 21:01:21',NULL),(249,'Quia ipsam voluptatem ut perferendis sunt occaecati cumque et voluptas est quas porro.',3,54,'1973-05-29 14:17:54',NULL),(250,'Aliquam voluptatem omnis eius vitae in suscipit dolor magni nulla amet illo ut eveniet.',2,104,'2010-12-07 04:33:47',NULL),(251,'Iste quidem perspiciatis expedita et ratione eos repellendus beatae.',1,83,'1990-10-17 13:22:08',NULL),(252,'A perspiciatis ullam qui quaerat facilis dolorem omnis et soluta debitis odit quae.',1,122,'1984-07-29 23:47:54',NULL),(253,'Molestias vel praesentium nisi dolorem non illo accusamus omnis nam quibusdam quisquam sed.',4,90,'2015-06-23 03:20:19',NULL),(254,'Necessitatibus dignissimos eos debitis et ad omnis earum autem quia.',4,121,'1992-03-05 21:44:22',NULL),(255,'Non eum impedit ut eveniet dignissimos dolor similique autem odit praesentium minima sed quae numquam.',2,43,'1981-06-15 05:38:59',NULL),(256,'Quos consequatur necessitatibus nisi aut sequi veniam eius sequi dolores.',1,68,'1990-08-29 17:50:53',NULL),(257,'Debitis labore delectus rerum soluta et fuga rerum.',2,91,'1981-12-31 14:38:18',NULL),(258,'Dolores corporis quisquam voluptatem aut enim est vel excepturi dolor saepe consequatur.',2,104,'1982-08-20 18:34:24',NULL),(259,'Est vitae rerum repudiandae quo quod assumenda perferendis quas ut aut qui excepturi blanditiis.',3,50,'2014-04-28 10:41:34',NULL),(260,'Provident odio veniam nulla non voluptas aut aut in officia ut iusto commodi repudiandae.',1,63,'1970-03-29 01:03:00',NULL),(261,'Aut officiis laborum nemo rerum enim voluptatem vel provident.',2,124,'1992-02-01 01:46:04',NULL),(262,'Neque iure fuga quidem eos ut dignissimos asperiores sit.',4,66,'1989-04-11 20:07:59',NULL),(263,'Sunt doloremque quia dolor aspernatur eum et.',4,19,'1994-09-22 12:30:22',NULL),(264,'Quaerat quaerat ut maiores iusto rerum eum aliquid mollitia nisi dolor.',4,13,'1988-04-23 15:22:40',NULL),(265,'Quod est dolorum aut animi similique est.',3,102,'2000-06-11 09:11:09',NULL),(266,'Iusto voluptatem deleniti itaque suscipit odit et.',3,113,'1999-11-08 20:55:22',NULL),(267,'Itaque quae sit similique est debitis consequatur officiis aut veritatis id expedita occaecati.',3,130,'2003-04-15 10:55:20',NULL),(268,'Autem fuga et eveniet enim est aspernatur perspiciatis ipsum aut dolor adipisci.',4,54,'2010-01-05 04:56:53',NULL),(269,'Aut accusantium ut labore quas vel dolorem similique.',3,127,'1974-06-25 21:03:29',NULL),(270,'Qui similique repellendus porro ut officiis quos porro blanditiis ut ea veniam et expedita.',3,94,'1976-01-01 10:43:01',NULL),(271,'Aut qui itaque quis tempora alias ut doloribus id nihil voluptatem.',4,18,'1971-11-25 10:33:43',NULL),(272,'Quo quos fugit numquam eius ex omnis sit quod vel eos quia sequi ut.',1,79,'1998-06-06 13:19:16',NULL),(273,'Ut dolorem adipisci temporibus laudantium est hic iure dolores.',2,85,'2004-07-21 02:04:17',NULL),(274,'Quo hic ipsam nemo natus asperiores voluptatem eaque amet recusandae ut.',1,59,'2001-06-07 06:08:41',NULL),(275,'Culpa temporibus molestiae nihil eum eum molestiae quia enim magni voluptate ipsa sint in.',3,37,'1998-02-25 05:37:43',NULL),(276,'Non enim a quo magnam qui nesciunt.',3,116,'1986-11-04 02:28:57',NULL),(277,'Illum asperiores quia quae modi repellat maiores atque qui accusantium laborum natus cupiditate.',2,86,'2011-07-12 22:16:23',NULL),(278,'Laborum et debitis aut ducimus labore sed eveniet accusamus.',1,128,'1996-01-17 17:43:00',NULL),(279,'Suscipit deserunt eos in eum modi modi ex.',4,59,'2010-04-10 16:01:34',NULL),(280,'Eligendi sint quidem nihil quod harum sunt accusamus corrupti placeat maxime.',1,48,'1989-04-15 10:36:53',NULL),(281,'Assumenda voluptatibus vitae fugiat dolorum voluptatem neque.',2,38,'1971-05-22 05:39:20',NULL),(282,'Enim nobis fugiat natus dolor repudiandae et sit vel.',2,52,'1976-11-27 05:26:38',NULL),(283,'Et qui ratione enim quos consequatur modi quos odio.',1,46,'1986-09-04 07:47:50',NULL),(284,'Voluptates vero blanditiis unde aut minima eum.',4,112,'1973-06-25 02:53:53',NULL),(285,'Praesentium voluptatibus mollitia in nemo exercitationem facere natus sunt soluta nostrum.',3,109,'1974-11-17 11:26:07',NULL),(286,'Ea quod ab dolorem autem molestiae ipsum.',2,42,'2009-02-28 11:06:17',NULL),(287,'Eum aut et non possimus et aut voluptas dolorem eum harum hic aut id.',2,35,'1976-10-18 04:48:01',NULL),(288,'Ut debitis nemo saepe nobis aut in dolorum eius consequatur placeat.',2,109,'2015-11-01 04:19:19',NULL),(289,'Libero ea inventore minus est fuga numquam rerum deleniti tenetur dolore fugit sit.',4,36,'2012-05-30 18:31:03',NULL),(290,'Delectus ab recusandae voluptatem omnis in tempore sit voluptatem quae praesentium libero.',3,131,'1985-09-08 03:14:18',NULL),(291,'Omnis sapiente in voluptates sint at enim voluptas quod sit et et commodi eos.',3,101,'2005-03-24 21:52:47',NULL),(292,'Nobis mollitia qui aut iste consectetur perspiciatis provident dolore placeat quis ea minima.',4,74,'2007-09-28 22:43:08',NULL),(293,'Quos itaque omnis itaque enim corporis laborum.',3,114,'1973-11-18 15:07:01',NULL),(294,'Iste eum rerum quasi ex sunt doloremque quo ipsum repudiandae non enim assumenda aspernatur.',1,70,'1985-12-14 10:25:07',NULL),(295,'Quo et recusandae aut dicta sit quidem et ea.',2,128,'2005-01-09 00:42:07',NULL),(296,'Maxime enim repellendus sint cum rerum quasi qui dolor qui dolores.',1,84,'1981-12-08 10:29:52',NULL),(297,'Non molestiae quaerat rerum et ut qui sit omnis.',3,52,'2011-05-05 07:22:52',NULL),(298,'Occaecati enim eligendi perferendis voluptatem aut autem quaerat quasi fuga animi quas labore in voluptatem.',4,65,'1974-12-24 23:03:31',NULL),(299,'Veniam hic sed animi autem suscipit sit aspernatur velit voluptas ex et quidem et.',4,53,'1988-12-19 16:43:42',NULL),(300,'Ut ut consequatur ea amet eligendi asperiores velit dolores autem at optio.',1,97,'1981-12-05 08:00:48',NULL),(301,'Motivo.',1,132,'2017-03-16 21:53:46','2017-03-16 21:53:46'),(302,'Melhorou.',2,132,'2017-03-16 21:54:06','2017-03-16 21:54:06'),(303,'fgjgjyjybbbg',1,7,'2017-04-03 17:09:11','2017-04-03 17:09:11');
/*!40000 ALTER TABLE `evolucao_presidiarios` ENABLE KEYS */;
UNLOCK TABLES;

--
-- Table structure for table `mensagens`
--

DROP TABLE IF EXISTS `mensagens`;
/*!40101 SET @saved_cs_client     = @@character_set_client */;
/*!40101 SET character_set_client = utf8 */;
CREATE TABLE `mensagens` (
  `id` int(10) unsigned NOT NULL AUTO_INCREMENT,
  `razao_social` varchar(191) COLLATE utf8mb4_unicode_ci DEFAULT NULL,
  `nome_fantasia` varchar(191) COLLATE utf8mb4_unicode_ci NOT NULL,
  `cnpj` varchar(191) COLLATE utf8mb4_unicode_ci DEFAULT NULL,
  `segmento` varchar(191) COLLATE utf8mb4_unicode_ci NOT NULL,
  `presidio_id` int(11) NOT NULL,
  `presidiario_id` int(11) NOT NULL,
  `ano_fundacao` varchar(191) COLLATE utf8mb4_unicode_ci NOT NULL,
  `diretor_responsavel` varchar(191) COLLATE utf8mb4_unicode_ci NOT NULL,
  `tel` varchar(191) COLLATE utf8mb4_unicode_ci NOT NULL,
  `email` varchar(191) COLLATE utf8mb4_unicode_ci NOT NULL,
  `endereco` varchar(191) COLLATE utf8mb4_unicode_ci NOT NULL,
  `numero` varchar(191) COLLATE utf8mb4_unicode_ci NOT NULL,
  `bairro` varchar(191) COLLATE utf8mb4_unicode_ci NOT NULL,
  `observacao` varchar(191) COLLATE utf8mb4_unicode_ci NOT NULL,
  `created_at` timestamp NULL DEFAULT NULL,
  `updated_at` timestamp NULL DEFAULT NULL,
  PRIMARY KEY (`id`)
) ENGINE=InnoDB DEFAULT CHARSET=utf8mb4 COLLATE=utf8mb4_unicode_ci;
/*!40101 SET character_set_client = @saved_cs_client */;

--
-- Dumping data for table `mensagens`
--

LOCK TABLES `mensagens` WRITE;
/*!40000 ALTER TABLE `mensagens` DISABLE KEYS */;
/*!40000 ALTER TABLE `mensagens` ENABLE KEYS */;
UNLOCK TABLES;

--
-- Table structure for table `migrations`
--

DROP TABLE IF EXISTS `migrations`;
/*!40101 SET @saved_cs_client     = @@character_set_client */;
/*!40101 SET character_set_client = utf8 */;
CREATE TABLE `migrations` (
  `id` int(10) unsigned NOT NULL AUTO_INCREMENT,
  `migration` varchar(191) COLLATE utf8mb4_unicode_ci NOT NULL,
  `batch` int(11) NOT NULL,
  PRIMARY KEY (`id`)
) ENGINE=InnoDB AUTO_INCREMENT=25 DEFAULT CHARSET=utf8mb4 COLLATE=utf8mb4_unicode_ci;
/*!40101 SET character_set_client = @saved_cs_client */;

--
-- Dumping data for table `migrations`
--

LOCK TABLES `migrations` WRITE;
/*!40000 ALTER TABLE `migrations` DISABLE KEYS */;
INSERT INTO `migrations` VALUES (15,'2014_10_12_000000_create_users_table',1),(16,'2014_10_12_100000_create_password_resets_table',1),(17,'2017_03_07_151054_create_presidios_table',1),(18,'2017_03_07_151158_create_presidiarios_table',1),(19,'2017_03_08_173622_create_profissoes_table',1),(20,'2017_03_08_190614_add_presidio_id_foreign_on_users',1),(21,'2017_03_08_194700_create_evolucao_presidiarios_table',1),(24,'2017_03_23_231301_create_mensagens_table',2);
/*!40000 ALTER TABLE `migrations` ENABLE KEYS */;
UNLOCK TABLES;

--
-- Table structure for table `password_resets`
--

DROP TABLE IF EXISTS `password_resets`;
/*!40101 SET @saved_cs_client     = @@character_set_client */;
/*!40101 SET character_set_client = utf8 */;
CREATE TABLE `password_resets` (
  `email` varchar(191) COLLATE utf8mb4_unicode_ci NOT NULL,
  `token` varchar(191) COLLATE utf8mb4_unicode_ci NOT NULL,
  `created_at` timestamp NULL DEFAULT NULL,
  KEY `password_resets_email_index` (`email`),
  KEY `password_resets_token_index` (`token`)
) ENGINE=InnoDB DEFAULT CHARSET=utf8mb4 COLLATE=utf8mb4_unicode_ci;
/*!40101 SET character_set_client = @saved_cs_client */;

--
-- Dumping data for table `password_resets`
--

LOCK TABLES `password_resets` WRITE;
/*!40000 ALTER TABLE `password_resets` DISABLE KEYS */;
/*!40000 ALTER TABLE `password_resets` ENABLE KEYS */;
UNLOCK TABLES;

--
-- Table structure for table `presidiarios`
--

DROP TABLE IF EXISTS `presidiarios`;
/*!40101 SET @saved_cs_client     = @@character_set_client */;
/*!40101 SET character_set_client = utf8 */;
CREATE TABLE `presidiarios` (
  `id` int(10) unsigned NOT NULL AUTO_INCREMENT,
  `nome` varchar(191) COLLATE utf8mb4_unicode_ci NOT NULL,
  `data_nasc` date NOT NULL,
  `naturalidade` varchar(191) COLLATE utf8mb4_unicode_ci NOT NULL,
  `genero` varchar(191) COLLATE utf8mb4_unicode_ci NOT NULL,
  `profissao_id` int(11) NOT NULL,
  `regime` int(11) NOT NULL,
  `presidio_id` int(11) DEFAULT NULL,
  `prontuario_key` varchar(191) COLLATE utf8mb4_unicode_ci NOT NULL,
  `perfil_profissional` text COLLATE utf8mb4_unicode_ci NOT NULL,
  `created_at` timestamp NULL DEFAULT NULL,
  `updated_at` timestamp NULL DEFAULT NULL,
  `deleted_at` timestamp NULL DEFAULT NULL,
  PRIMARY KEY (`id`)
) ENGINE=InnoDB AUTO_INCREMENT=133 DEFAULT CHARSET=utf8mb4 COLLATE=utf8mb4_unicode_ci;
/*!40101 SET character_set_client = @saved_cs_client */;

--
-- Dumping data for table `presidiarios`
--

LOCK TABLES `presidiarios` WRITE;
/*!40000 ALTER TABLE `presidiarios` DISABLE KEYS */;
INSERT INTO `presidiarios` VALUES (1,'Clint Reichel','1983-12-15','perferendis','1',18,3,3,'7491','A quia minima velit quae voluptate.','2017-03-15 20:57:34','2017-04-06 19:51:49','2017-04-06 19:51:49'),(2,'Darrel Marks','1988-06-09','incidunt','1',5,2,4,'7371','Nihil architecto velit tenetur magni quae.','2017-03-15 20:57:34','2017-03-15 20:57:34',NULL),(3,'Dr. Freddie O\'Hara Jr.','1993-01-20','sit','1',2,2,3,'5250','Iure quas laudantium tempora ut ea.','2017-03-15 20:57:34','2017-03-15 20:57:34',NULL),(4,'Mr. Leopold Fisher','1984-05-19','eum','2',6,2,1,'4690','Quam et nam nisi id.','2017-03-15 20:57:35','2017-03-15 20:57:35',NULL),(5,'Bonita Dicki','2004-09-29','delectus','1',4,3,4,'5278','Qui iste accusantium sit non qui.','2017-03-15 20:57:35','2017-03-15 20:57:35',NULL),(6,'Tomas Purdy DDS','2012-07-15','minima','1',14,3,4,'530','Eligendi consequatur non ad.','2017-03-15 20:57:35','2017-03-15 20:57:35',NULL),(7,'Shyanne Von','2011-10-20','quo','1',21,3,2,'569','Magnam nemo dolorem.','2017-03-15 20:57:36','2017-03-15 20:57:36',NULL),(8,'Prof. Bryon Nolan','1998-07-23','harum','1',20,3,3,'186','Necessitatibus ducimus omnis maiores iure.','2017-03-15 20:57:36','2017-03-15 20:57:36',NULL),(9,'Daniela Gibson','1977-08-12','aspernatur','1',16,1,3,'7412','Quam et voluptatem voluptas.','2017-03-15 20:57:36','2017-03-15 20:57:36',NULL),(10,'Johanna Hand','1984-05-30','laborum','2',19,3,3,'3044','Nemo ut recusandae maxime rerum.','2017-03-15 20:57:36','2017-03-15 20:57:36',NULL),(11,'Mr. Narciso Simonis','2004-05-18','et','1',20,3,1,'8425','Architecto est odit.','2017-03-15 20:57:37','2017-03-15 20:57:37',NULL),(12,'Saige Toy DVM','1991-04-15','ut','1',10,2,3,'9029','Voluptatem maxime et debitis corporis.','2017-03-15 20:57:37','2017-03-15 20:57:37',NULL),(13,'Prof. Alvina Langworth','1989-03-10','sapiente','1',6,3,4,'4994','Sit odit perferendis accusantium quasi.','2017-03-15 20:57:37','2017-03-15 20:57:37',NULL),(14,'Delfina Lynch','1995-01-08','iste','2',17,2,1,'4096','Sint nihil quam in est.','2017-03-15 20:57:38','2017-03-15 20:57:38',NULL),(15,'Dr. Rafaela DuBuque II','1972-06-18','aspernatur','2',12,3,3,'6795','Temporibus sapiente ea facilis aliquam.','2017-03-15 20:57:38','2017-03-15 20:57:38',NULL),(16,'Rory Hand','1979-02-07','ut','1',7,3,2,'3573','Est dolore et qui voluptatibus.','2017-03-15 20:57:38','2017-03-15 20:57:38',NULL),(17,'Otis Cartwright','1991-05-23','quidem','2',20,3,4,'6065','Ullam voluptate quo reprehenderit quaerat veniam.','2017-03-15 20:57:39','2017-03-15 20:57:39',NULL),(18,'Perry Kiehn','2017-02-15','vel','1',3,2,2,'1078','Exercitationem modi non et.','2017-03-15 20:57:39','2017-03-15 20:57:39',NULL),(19,'Devante Hodkiewicz V','1996-01-10','amet','1',7,3,2,'515','Repellendus maxime iusto sed.','2017-03-15 20:57:39','2017-03-15 20:57:39',NULL),(20,'Dr. Armand Stiedemann MD','2005-06-23','et','1',4,2,3,'9709','Possimus nam quia velit aut autem.','2017-03-15 20:57:40','2017-03-15 20:57:40',NULL),(21,'Mr. Everardo Stamm','1975-03-17','et','1',17,1,3,'3598','Animi laudantium natus facere tempora itaque.','2017-03-15 20:57:40','2017-03-15 20:57:40',NULL),(22,'Prof. Sydnie Vandervort DVM','1986-09-19','consequatur','1',1,2,1,'278','Et eum error consequatur eius.','2017-03-15 20:57:40','2017-03-15 20:57:40',NULL),(23,'Ms. Lonie Kuhn Jr.','1985-02-03','modi','1',15,3,2,'5348','Rem enim vero.','2017-03-15 20:57:40','2017-03-15 20:57:40',NULL),(24,'Esmeralda Kiehn','1978-10-22','dolor','1',22,3,2,'2253','Necessitatibus architecto ad provident quas atque.','2017-03-15 20:57:41','2017-03-15 20:57:41',NULL),(25,'Katlyn Sporer','2008-10-11','consequatur','1',23,3,4,'4950','Minima exercitationem velit consequatur consectetur et.','2017-03-15 20:57:41','2017-03-15 20:57:41',NULL),(26,'Mr. Deondre Rath','2004-10-18','qui','2',20,3,3,'7105','Aspernatur quae fugit in rem consectetur.','2017-03-15 20:57:41','2017-03-15 20:57:41',NULL),(27,'Esta Kuphal','2012-02-28','veniam','1',5,2,1,'7306','Inventore atque omnis autem eos.','2017-03-15 20:57:42','2017-03-15 20:57:42',NULL),(28,'Marlee Daniel','1994-03-25','libero','1',21,1,2,'3745','Unde vel voluptatem explicabo.','2017-03-15 20:57:42','2017-03-15 20:57:42',NULL),(29,'Ida Christiansen PhD','1972-08-18','dolor','2',15,2,4,'9550','Et ipsa reiciendis ducimus laudantium suscipit.','2017-03-15 20:57:42','2017-03-15 20:57:42',NULL),(30,'Kevin Adams','2014-12-03','animi','2',4,1,2,'346','Consequatur dolores libero.','2017-03-15 20:57:43','2017-03-15 20:57:43',NULL),(31,'Sadie Witting','2015-11-18','sint','2',6,1,2,'832','Magnam nam cupiditate officia.','2017-03-15 20:57:43','2017-03-15 20:57:43',NULL),(32,'Osborne Champlin','2005-09-18','laudantium','2',4,1,2,'9563','Officiis laborum id officia.','2017-03-15 20:57:43','2017-03-15 20:57:43',NULL),(33,'Prof. Reta Gusikowski','1993-09-26','consequuntur','2',4,2,3,'9841','Non et magni velit.','2017-03-15 20:57:43','2017-03-15 20:57:43',NULL),(34,'Ora Fritsch','2013-04-02','ullam','2',1,2,1,'7217','Qui accusamus omnis.','2017-03-15 20:57:44','2017-03-15 20:57:44',NULL),(35,'Carmela Schmidt','2013-03-04','aut','1',2,1,3,'7586','Porro quia quis rerum optio perspiciatis.','2017-03-15 20:57:44','2017-03-15 20:57:44',NULL),(36,'Kariane Feeney','2006-02-23','velit','2',7,1,4,'6336','Sint quia harum incidunt velit.','2017-03-15 20:57:44','2017-03-15 20:57:44',NULL),(37,'Katlyn Bradtke','2003-04-17','minus','2',23,2,2,'5588','Praesentium qui sint asperiores.','2017-03-15 20:57:45','2017-03-15 20:57:45',NULL),(38,'Miss Lynn Runolfsdottir','1991-09-04','aut','1',3,3,3,'1901','Quia omnis doloribus culpa fuga.','2017-03-15 20:57:45','2017-03-15 20:57:45',NULL),(39,'Cordia Wilkinson Jr.','2013-08-27','autem','2',21,3,3,'6459','Non eum voluptas recusandae.','2017-03-15 20:57:45','2017-03-15 20:57:45',NULL),(40,'Mrs. Maymie Price','1974-04-18','accusamus','1',4,1,4,'377','Ea explicabo sed deleniti.','2017-03-15 20:57:46','2017-03-15 20:57:46',NULL),(41,'Prof. Maxwell Emard PhD','1980-09-15','aut','1',21,1,4,'8827','Autem laboriosam quis est inventore iste.','2017-03-15 20:57:46','2017-03-15 20:57:46',NULL),(42,'Tatum Turner DVM','1981-12-27','enim','1',15,2,3,'25','Unde expedita aut quia excepturi.','2017-03-15 20:57:46','2017-03-15 20:57:46',NULL),(43,'Laurence Torp','1987-08-01','omnis','1',9,3,1,'7137','Sunt quia id consequatur quis necessitatibus.','2017-03-15 20:57:46','2017-03-15 20:57:46',NULL),(44,'Name Bartell','1972-10-14','facere','2',14,2,1,'4545','Similique impedit voluptatum animi eveniet.','2017-03-15 20:57:47','2017-03-15 20:57:47',NULL),(45,'Gabriel Langworth','1973-01-18','deleniti','1',15,2,1,'4223','Dignissimos odio harum labore ducimus.','2017-03-15 20:57:47','2017-03-15 20:57:47',NULL),(46,'Dr. Marquise Schowalter PhD','1981-02-17','aspernatur','2',23,2,3,'6637','Qui alias est molestiae.','2017-03-15 20:57:47','2017-03-15 20:57:47',NULL),(47,'Judson Mayer','2015-09-07','numquam','1',20,1,3,'1845','A quae quia velit.','2017-03-15 20:57:48','2017-03-15 20:57:48',NULL),(48,'Enrico Schimmel','1972-04-17','qui','1',17,1,4,'7198','Voluptas dolor ut ad recusandae.','2017-03-15 20:57:48','2017-03-15 20:57:48',NULL),(49,'Amiya Hickle','1986-04-21','dolorem','1',22,3,1,'5420','Nisi culpa natus qui aut.','2017-03-15 20:57:48','2017-03-15 20:57:48',NULL),(50,'Ms. Allie Wilkinson II','1987-10-27','sed','2',6,3,3,'6817','Rerum voluptates est.','2017-03-15 20:57:49','2017-03-15 20:57:49',NULL),(51,'Kay Yundt I','1973-01-18','facere','2',23,3,1,'9492','Est eligendi fuga provident a.','2017-03-15 20:57:49','2017-03-15 20:57:49',NULL),(52,'Lenore Harvey','1986-08-22','sed','1',6,1,4,'2470','Sit ut deserunt deleniti.','2017-03-15 20:57:49','2017-03-15 20:57:49',NULL),(53,'Austen McKenzie','1973-03-03','ipsum','2',18,2,3,'2858','Ut assumenda expedita quasi eos quia.','2017-03-15 20:57:49','2017-03-15 20:57:49',NULL),(54,'Giovanna Weissnat','1997-09-19','repudiandae','2',14,2,1,'8856','Ut quis voluptatem est omnis et.','2017-03-15 20:57:50','2017-03-15 20:57:50',NULL),(55,'Molly Weimann Sr.','1997-02-26','et','1',2,2,2,'5933','Animi sapiente aut deserunt.','2017-03-15 20:57:50','2017-03-15 20:57:50',NULL),(56,'Mrs. Stefanie Cartwright Sr.','1989-05-12','debitis','2',5,1,2,'20','Aliquid sit repudiandae velit eligendi.','2017-03-15 20:57:50','2017-03-15 20:57:50',NULL),(57,'Ramiro Harris','1976-12-02','et','2',14,1,1,'9042','Magni quia amet necessitatibus.','2017-03-15 20:57:51','2017-03-15 20:57:51',NULL),(58,'Cassandre Pfannerstill','1973-04-02','aut','1',1,2,4,'422','Commodi assumenda quos molestiae.','2017-03-15 20:57:51','2017-03-15 20:57:51',NULL),(59,'Darrel Runolfsson','2001-02-11','et','1',5,3,2,'6305','Eos odit ipsum quaerat quo.','2017-03-15 20:57:51','2017-03-15 20:57:51',NULL),(60,'Clementine Grady','1976-09-08','provident','2',7,2,3,'6949','Possimus hic voluptatum suscipit.','2017-03-15 20:57:52','2017-03-15 20:57:52',NULL),(61,'Jackson Oberbrunner DVM','1976-09-25','et','1',13,3,2,'6742','Adipisci quaerat aperiam.','2017-03-15 20:57:52','2017-03-15 20:57:52',NULL),(62,'Taya Keebler DDS','2015-04-02','et','2',2,1,4,'6005','Ipsum quibusdam odio voluptatem recusandae.','2017-03-15 20:57:52','2017-03-15 20:57:52',NULL),(63,'Prof. Alyson Strosin','1980-01-08','aut','1',19,2,4,'1367','Exercitationem accusantium maiores aut.','2017-03-15 20:57:53','2017-03-15 20:57:53',NULL),(64,'Adela Dietrich','1998-05-07','reprehenderit','1',7,3,2,'2204','Blanditiis vel totam dicta ut.','2017-03-15 20:57:53','2017-03-15 20:57:53',NULL),(65,'Christiana Lebsack','1987-09-17','non','2',9,1,3,'9064','Ex quaerat expedita ut nobis hic.','2017-03-15 20:57:53','2017-03-15 20:57:53',NULL),(66,'Natalia Dooley','2008-09-23','alias','1',6,1,1,'2882','Quas ipsum aspernatur non.','2017-03-15 20:57:53','2017-03-15 20:57:53',NULL),(67,'Alessandro Cole','1992-05-29','tenetur','2',19,1,3,'2682','Provident quas delectus qui.','2017-03-15 20:57:54','2017-03-15 20:57:54',NULL),(68,'Mr. Mohammad Kemmer Jr.','1981-05-22','beatae','1',21,3,4,'7942','Non nisi consequuntur cupiditate voluptatem.','2017-03-15 20:57:54','2017-03-15 20:57:54',NULL),(69,'Prof. Valentin Lubowitz Sr.','1973-02-17','earum','2',14,1,3,'369','Et quaerat aperiam id.','2017-03-15 20:57:54','2017-03-15 20:57:54',NULL),(70,'Jovani Lueilwitz','1979-01-12','sed','1',18,3,4,'2787','Vel praesentium tempore a.','2017-03-15 20:57:55','2017-03-15 20:57:55',NULL),(71,'Dr. Luisa Hessel II','1995-02-26','magni','2',3,1,1,'3324','Eaque incidunt tempora ut.','2017-03-15 20:57:55','2017-03-15 20:57:55',NULL),(72,'Henriette Hoeger','1997-12-03','illum','2',3,1,1,'2874','Tempora aut harum ea.','2017-03-15 20:57:55','2017-03-15 20:57:55',NULL),(73,'Anastasia Dibbert','1997-10-31','earum','2',3,2,4,'9770','Debitis est repellendus quod omnis.','2017-03-15 20:57:56','2017-03-15 20:57:56',NULL),(74,'Dwight Zemlak','2009-03-18','dolorem','2',1,1,1,'2114','Corrupti rerum dicta doloribus eveniet consequatur.','2017-03-15 20:57:56','2017-03-15 20:57:56',NULL),(75,'Ardella Walker','2001-04-23','cumque','2',20,2,3,'2500','Cupiditate optio magnam error.','2017-03-15 20:57:56','2017-03-15 20:57:56',NULL),(76,'Lucie Rice','2009-05-28','similique','2',3,1,4,'8637','Odio aspernatur sit.','2017-03-15 20:57:56','2017-03-15 20:57:56',NULL),(77,'Mrs. Vergie Hettinger','1979-08-09','eaque','1',16,1,2,'6390','Est beatae quam quibusdam enim necessitatibus.','2017-03-15 20:57:57','2017-03-15 20:57:57',NULL),(78,'Theo Gorczany','2005-10-18','nisi','2',4,3,3,'7824','Rerum consequuntur commodi accusamus.','2017-03-15 20:57:57','2017-03-15 20:57:57',NULL),(79,'Ms. Myra Goldner II','1983-03-04','quo','2',8,3,4,'2','Deserunt rerum saepe.','2017-03-15 20:57:57','2017-03-15 20:57:57',NULL),(80,'Mr. Devan Zboncak','2006-02-08','ut','2',17,3,1,'9693','Quia libero voluptas quo deserunt.','2017-03-15 20:57:58','2017-03-15 20:57:58',NULL),(81,'Kade Gleason','2007-03-19','excepturi','2',7,1,4,'2574','Eaque quos ea qui itaque.','2017-03-15 20:57:58','2017-03-15 20:57:58',NULL),(82,'Ray Nitzsche','1974-09-21','molestias','1',1,2,3,'7484','Ipsum harum quia soluta facere.','2017-03-15 20:57:58','2017-03-15 20:57:58',NULL),(83,'Maddison Ritchie','2016-05-09','debitis','2',18,1,4,'8844','Eligendi expedita adipisci tempora.','2017-03-15 20:57:59','2017-03-15 20:57:59',NULL),(84,'Tyra Keebler','1995-05-04','in','1',16,1,3,'3174','Ut consequuntur voluptatum a.','2017-03-15 20:57:59','2017-03-15 20:57:59',NULL),(85,'Miss Mabelle Mertz','1980-01-14','voluptatem','2',11,1,4,'5476','Fugit ut eligendi nesciunt nihil.','2017-03-15 20:57:59','2017-03-15 20:57:59',NULL),(86,'Annabelle Wilderman','2009-07-13','qui','1',12,3,4,'5508','Enim qui earum voluptatibus voluptas eius.','2017-03-15 20:58:00','2017-03-15 20:58:00',NULL),(87,'Antonetta Lynch','2012-04-03','debitis','1',6,1,4,'3613','Sit non ea libero sequi.','2017-03-15 20:58:00','2017-03-15 20:58:00',NULL),(88,'Mr. Manley Stehr','2014-11-29','soluta','2',15,3,3,'6216','Quos qui temporibus.','2017-03-15 20:58:00','2017-03-15 20:58:00',NULL),(89,'Ms. Alena Bode PhD','2015-07-01','deserunt','1',18,2,2,'5858','Commodi quibusdam quidem.','2017-03-15 20:58:00','2017-03-15 20:58:00',NULL),(90,'Shany Wisoky','2012-06-19','et','2',12,2,1,'4235','Accusamus qui voluptatibus illum quibusdam.','2017-03-15 20:58:01','2017-03-15 20:58:01',NULL),(91,'Zelda Walsh','1997-11-15','consectetur','2',8,3,1,'740','Reprehenderit distinctio ea dolores aut.','2017-03-15 20:58:01','2017-03-15 20:58:01',NULL),(92,'Miss Elvera Bradtke V','1987-11-24','consequuntur','1',12,1,2,'5793','Et fugit rerum.','2017-03-15 20:58:01','2017-03-15 20:58:01',NULL),(93,'Keyon Reichert','1972-07-10','ut','1',8,1,4,'2792','Dolore reprehenderit est qui rerum.','2017-03-15 20:58:02','2017-03-15 20:58:02',NULL),(94,'Miss Tamia Eichmann','1992-12-20','excepturi','2',23,3,4,'1902','Occaecati rem suscipit voluptate.','2017-03-15 20:58:02','2017-03-15 20:58:02',NULL),(95,'Charlotte Ward','1984-01-30','suscipit','1',5,3,4,'9531','Error ad labore magnam.','2017-03-15 20:58:02','2017-03-15 20:58:02',NULL),(96,'Hallie Champlin','2007-07-15','natus','1',16,2,2,'3542','A odit dolorem est.','2017-03-15 20:58:03','2017-03-15 20:58:03',NULL),(97,'Sven Okuneva','2014-10-10','explicabo','2',8,3,2,'9951','Voluptas ducimus explicabo.','2017-03-15 20:58:03','2017-03-15 20:58:03',NULL),(98,'Beatrice Kling','2011-01-08','corrupti','1',19,1,3,'1581','Natus dicta aliquid ipsa dolor.','2017-03-15 20:58:03','2017-03-15 20:58:03',NULL),(99,'Miss Kyra Gutkowski I','1976-05-14','inventore','1',16,1,1,'5970','Et aliquam veritatis necessitatibus veritatis.','2017-03-15 20:58:03','2017-03-15 20:58:03',NULL),(100,'Joaquin Schmidt','2015-11-04','quos','1',3,2,3,'5249','A inventore deleniti fugit.','2017-03-15 20:58:04','2017-03-15 20:58:04',NULL),(101,'Luis Adriano Sandoval','1974-06-07','natus','2',20,3,1,'6118','Aut pariatur eos.','2017-03-15 20:58:06','2017-03-15 20:58:06',NULL),(102,'Sr. Natal Serra Neves','1979-06-27','vitae','2',19,3,3,'9688','Non sunt in harum beatae sit.','2017-03-15 20:58:07','2017-03-15 20:58:07',NULL),(103,'Sra. Helena Catarina Matias Jr.','1981-05-11','ipsam','2',6,3,1,'7201','Exercitationem sit illum aspernatur delectus.','2017-03-15 20:58:09','2017-03-15 20:58:09',NULL),(104,'Emanuel Medina','2015-08-07','nobis','2',3,3,2,'3136','Ut ipsam deleniti dolores.','2017-03-15 20:58:11','2017-03-15 20:58:11',NULL),(105,'Rebeca Valdez','2007-07-11','nisi','1',5,3,1,'8459','Recusandae laboriosam ad ipsa sed.','2017-03-15 20:58:13','2017-03-15 20:58:13',NULL),(106,'Valentin Agostinho Delatorre Neto','1999-05-21','corporis','2',18,3,1,'2540','Sint sunt quos distinctio harum ut.','2017-03-15 20:58:14','2017-03-15 20:58:14',NULL),(107,'Manuel Gian Aranda Jr.','2007-01-13','nostrum','2',4,3,4,'8376','Aut voluptates sed autem voluptatem quibusdam.','2017-03-15 20:58:16','2017-03-15 20:58:16',NULL),(108,'Dr. Rafaela Esteves Branco','1979-02-26','facilis','2',23,3,2,'1724','Non soluta explicabo maiores.','2017-03-15 20:58:18','2017-03-15 20:58:18',NULL),(109,'Horácio Sales Sobrinho','1997-10-16','temporibus','1',2,3,3,'6598','Aut commodi minus suscipit eum.','2017-03-15 20:58:20','2017-03-15 20:58:20',NULL),(110,'Lucas Aguiar Martines','1973-03-04','et','2',23,3,3,'9903','Quia voluptates rerum maxime et.','2017-03-15 20:58:21','2017-03-15 20:58:21',NULL),(111,'Sr. Fernando Valentin Pontes','1983-11-09','labore','2',7,3,4,'5939','Perferendis sequi exercitationem atque et.','2017-03-15 20:58:23','2017-03-15 20:58:23',NULL),(112,'Dr. David Mendonça Sobrinho','2010-06-03','ea','1',1,3,4,'2050','Omnis aliquid perspiciatis perspiciatis.','2017-03-15 20:58:25','2017-03-15 20:58:25',NULL),(113,'Júlia Grego','1975-05-28','aut','2',14,3,2,'2490','Ratione laborum et consequatur sint.','2017-03-15 20:58:27','2017-03-15 20:58:27',NULL),(114,'Dr. Tomás Molina','1977-12-07','omnis','1',9,3,3,'6800','Voluptatem est sapiente atque possimus.','2017-03-15 20:58:29','2017-03-15 20:58:29',NULL),(115,'Madalena Madeira Estrada','2001-12-16','id','2',23,3,2,'8429','Similique ea eligendi impedit quidem nihil.','2017-03-15 20:58:30','2017-03-15 20:58:30',NULL),(116,'Adriano Ferreira Zaragoça Filho','2016-11-21','esse','2',18,3,3,'3265','Ex animi sit ducimus.','2017-03-15 20:58:32','2017-03-15 20:58:32',NULL),(117,'Sra. Olívia Fabiana Perez','2015-10-07','quis','1',13,3,4,'2579','Qui sit mollitia.','2017-03-15 20:58:34','2017-03-15 20:58:34',NULL),(118,'Ariadna Violeta Sales Jr.','2015-12-17','qui','1',17,3,3,'9440','Doloribus et aut voluptatem odio.','2017-03-15 20:58:36','2017-03-15 20:58:36',NULL),(119,'Abril Reis Domingues','1999-11-09','at','2',5,3,4,'3923','Hic laboriosam et voluptatum hic.','2017-03-15 20:58:37','2017-03-15 20:58:37',NULL),(120,'Dr. Alessandra Manuela Prado','2005-04-20','debitis','1',21,3,3,'1794','Sunt dolores saepe nulla blanditiis ducimus.','2017-03-15 20:58:39','2017-03-15 20:58:39',NULL),(121,'Demian Aguiar','1973-11-25','eos','2',1,3,3,'1149','Laborum sit et non qui.','2017-03-15 20:58:41','2017-03-15 20:58:41',NULL),(122,'Ian Ferminiano','2009-09-14','eos','2',7,3,4,'1397','Maxime explicabo ea.','2017-03-15 20:58:43','2017-03-15 20:58:43',NULL),(123,'Sebastião Giovane Paz Filho','2004-02-05','eius','2',17,3,4,'78','Esse officiis atque.','2017-03-15 20:58:44','2017-03-15 20:58:44',NULL),(124,'Srta. Bianca Toledo Jr.','1973-04-10','amet','1',19,3,3,'172','Sed blanditiis consequuntur quia est.','2017-03-15 20:58:46','2017-03-15 20:58:46',NULL),(125,'Sra. Manuela Branco Gil Filho','1977-01-26','corrupti','1',22,3,1,'6504','Asperiores laborum animi.','2017-03-15 20:58:48','2017-03-15 20:58:48',NULL),(126,'Carolina Isabella Franco Jr.','2002-10-05','doloremque','1',23,3,4,'8974','Ad laudantium tempore.','2017-03-15 20:58:50','2017-03-15 20:58:50',NULL),(127,'Sra. Valentina Lozano Vasques','1996-11-23','similique','2',5,3,1,'9340','Optio tempora iste molestiae.','2017-03-15 20:58:51','2017-03-15 20:58:51',NULL),(128,'Dr. Mel Hortência Faria Jr.','2012-03-14','est','2',21,3,3,'5966','Commodi exercitationem a inventore voluptatem.','2017-03-15 20:58:53','2017-03-15 20:58:53',NULL),(129,'Melissa Luzia Serrano','2000-03-15','illo','2',8,3,4,'8753','Facere aperiam sapiente in id iure.','2017-03-15 20:58:55','2017-03-15 20:58:55',NULL),(130,'Sr. Bruno Jorge Padilha Filho','1993-12-14','ea','1',9,3,4,'4556','Dolorem voluptatum amet et et.','2017-03-15 20:58:57','2017-03-15 20:58:57',NULL),(131,'Regina Tamoio Quintana Jr.','2012-08-04','a','1',17,3,3,'7829','Nesciunt modi rerum quo explicabo deserunt.','2017-03-15 20:58:58','2017-03-15 20:58:58',NULL),(132,'Seiláh Ken','1985-07-23','Natal','1',1,1,1,'xyz','Detalhe do profissional.','2017-03-16 21:52:53','2017-03-16 21:52:53',NULL);
/*!40000 ALTER TABLE `presidiarios` ENABLE KEYS */;
UNLOCK TABLES;

--
-- Table structure for table `presidios`
--

DROP TABLE IF EXISTS `presidios`;
/*!40101 SET @saved_cs_client     = @@character_set_client */;
/*!40101 SET character_set_client = utf8 */;
CREATE TABLE `presidios` (
  `id` int(10) unsigned NOT NULL AUTO_INCREMENT,
  `nome` varchar(191) COLLATE utf8mb4_unicode_ci NOT NULL,
  `created_at` timestamp NULL DEFAULT NULL,
  `updated_at` timestamp NULL DEFAULT NULL,
  `deleted_at` timestamp NULL DEFAULT NULL,
  PRIMARY KEY (`id`)
) ENGINE=InnoDB AUTO_INCREMENT=6 DEFAULT CHARSET=utf8mb4 COLLATE=utf8mb4_unicode_ci;
/*!40101 SET character_set_client = @saved_cs_client */;

--
-- Dumping data for table `presidios`
--

LOCK TABLES `presidios` WRITE;
/*!40000 ALTER TABLE `presidios` DISABLE KEYS */;
INSERT INTO `presidios` VALUES (1,'Patronato  (Regime Aberto)',NULL,'2017-04-10 18:42:03',NULL),(2,'Presídio Alpha',NULL,'2017-04-10 18:43:02',NULL),(3,'Presídio Beta',NULL,'2017-04-10 18:43:24',NULL),(4,'Presídio Charlie',NULL,'2017-04-10 18:43:41',NULL),(5,'Presídio Delta','2017-04-06 19:35:29','2017-04-10 18:44:03',NULL);
/*!40000 ALTER TABLE `presidios` ENABLE KEYS */;
UNLOCK TABLES;

--
-- Table structure for table `profissoes`
--

DROP TABLE IF EXISTS `profissoes`;
/*!40101 SET @saved_cs_client     = @@character_set_client */;
/*!40101 SET character_set_client = utf8 */;
CREATE TABLE `profissoes` (
  `id` int(10) unsigned NOT NULL AUTO_INCREMENT,
  `nome` varchar(191) COLLATE utf8mb4_unicode_ci NOT NULL,
  `created_at` timestamp NULL DEFAULT NULL,
  `updated_at` timestamp NULL DEFAULT NULL,
  `deleted_at` timestamp NULL DEFAULT NULL,
  PRIMARY KEY (`id`)
) ENGINE=InnoDB AUTO_INCREMENT=25 DEFAULT CHARSET=utf8mb4 COLLATE=utf8mb4_unicode_ci;
/*!40101 SET character_set_client = @saved_cs_client */;

--
-- Dumping data for table `profissoes`
--

LOCK TABLES `profissoes` WRITE;
/*!40000 ALTER TABLE `profissoes` DISABLE KEYS */;
INSERT INTO `profissoes` VALUES (1,'Serviços gerais',NULL,NULL,NULL),(2,'Secretaria',NULL,NULL,NULL),(3,'Vendedora',NULL,NULL,NULL),(4,'Cozinheira',NULL,NULL,NULL),(5,'Embaladora',NULL,NULL,NULL),(6,'Costureira',NULL,NULL,NULL),(7,'Auxiliar de cozinha',NULL,NULL,NULL),(8,'Técnica de enfermagem',NULL,NULL,NULL),(9,'Enfermeira',NULL,NULL,NULL),(10,'Empregada domestica',NULL,NULL,NULL),(11,'Camareira',NULL,NULL,NULL),(12,'Cabeleireira',NULL,NULL,NULL),(13,'Manicure',NULL,NULL,NULL),(14,'Caixa de supermercado',NULL,NULL,NULL),(15,'Costureiro de máquina reta e overloque',NULL,NULL,NULL),(16,'Modelista de roupas',NULL,NULL,NULL),(17,'Padeiro',NULL,NULL,NULL),(18,'Mecânico de máquinas de costura',NULL,NULL,NULL),(19,'Eletricista de automóveis',NULL,NULL,NULL),(20,'Eletricista instalador predial de baixa tensão',NULL,NULL,NULL),(21,'Pedreiro de alvenaria',NULL,NULL,NULL),(22,'Operador de computador',NULL,NULL,NULL),(23,'Encanador instalador predial',NULL,NULL,NULL),(24,'Costureiro de máquina reta e overloque',NULL,NULL,NULL);
/*!40000 ALTER TABLE `profissoes` ENABLE KEYS */;
UNLOCK TABLES;

--
-- Table structure for table `users`
--

DROP TABLE IF EXISTS `users`;
/*!40101 SET @saved_cs_client     = @@character_set_client */;
/*!40101 SET character_set_client = utf8 */;
CREATE TABLE `users` (
  `id` int(10) unsigned NOT NULL AUTO_INCREMENT,
  `name` varchar(191) COLLATE utf8mb4_unicode_ci NOT NULL,
  `email` varchar(191) COLLATE utf8mb4_unicode_ci NOT NULL,
  `password` varchar(191) COLLATE utf8mb4_unicode_ci NOT NULL,
  `role` int(11) NOT NULL,
  `remember_token` varchar(100) COLLATE utf8mb4_unicode_ci DEFAULT NULL,
  `created_at` timestamp NULL DEFAULT NULL,
  `updated_at` timestamp NULL DEFAULT NULL,
  `deleted_at` timestamp NULL DEFAULT NULL,
  `presidio_id` int(10) unsigned DEFAULT NULL,
  PRIMARY KEY (`id`),
  UNIQUE KEY `users_email_unique` (`email`),
  KEY `users_presidio_id_foreign` (`presidio_id`),
  CONSTRAINT `users_presidio_id_foreign` FOREIGN KEY (`presidio_id`) REFERENCES `presidios` (`id`)
) ENGINE=InnoDB AUTO_INCREMENT=3 DEFAULT CHARSET=utf8mb4 COLLATE=utf8mb4_unicode_ci;
/*!40101 SET character_set_client = @saved_cs_client */;

--
-- Dumping data for table `users`
--

LOCK TABLES `users` WRITE;
/*!40000 ALTER TABLE `users` DISABLE KEYS */;
INSERT INTO `users` VALUES (1,'Admin do sistema','admin@email.com','$2y$10$vMD94j4ROLXBDjuiv1Es1eR9N9XNuzvGpZ/RKq19.DsNmeqaYqT9G',1,'fGtvblvXPzUJt8r2LgR13yRrBDBgbWKRx32rK6tf7wAqjGm6jVXxdXPPVpFU',NULL,NULL,NULL,1),(2,'Diretor fulano de tal','diretor@email.com','$2y$10$MTsQ2mIj8ScvOty/sw.EMe/Xk8S3HG8e3gGu2TIuoctX0DRXSreva',2,'NU3RFGSP3X1MHusrEglounCyMwxz2DaTZd7mthYobeA7ZC5aWl3BiNp0WZ6g',NULL,NULL,NULL,2);
/*!40000 ALTER TABLE `users` ENABLE KEYS */;
UNLOCK TABLES;
/*!40103 SET TIME_ZONE=@OLD_TIME_ZONE */;

/*!40101 SET SQL_MODE=@OLD_SQL_MODE */;
/*!40014 SET FOREIGN_KEY_CHECKS=@OLD_FOREIGN_KEY_CHECKS */;
/*!40014 SET UNIQUE_CHECKS=@OLD_UNIQUE_CHECKS */;
/*!40101 SET CHARACTER_SET_CLIENT=@OLD_CHARACTER_SET_CLIENT */;
/*!40101 SET CHARACTER_SET_RESULTS=@OLD_CHARACTER_SET_RESULTS */;
/*!40101 SET COLLATION_CONNECTION=@OLD_COLLATION_CONNECTION */;
/*!40111 SET SQL_NOTES=@OLD_SQL_NOTES */;

-- Dump completed on 2017-04-11 20:49:29
